{
    "train_loss": [
        3.651957828046638,
        1.6443194214240973,
        0.8904415426891802,
        0.6254636636037967,
        0.48400640804252343,
        0.40243330180317494,
        0.3242550368656169,
        0.286009658796665,
        0.24613695998331567,
        0.22151679386667936
    ],
    "train_acc": [
        0.42124542124542125,
        0.8079212454212454,
        0.858058608058608,
        0.8953754578754579,
        0.9111721611721612,
        0.920558608058608,
        0.9361263736263736,
        0.9473443223443223,
        0.9503205128205128,
        0.9562728937728938
    ],
    "test_loss": [
        2.6321986205335977,
        1.2519798797109853,
        0.8003251915392668,
        0.6062517723311549,
        0.517493384471838,
        0.4362861578879149,
        0.3729027606870817,
        0.33951225272123364,
        0.32351876320182416,
        0.306435308702614
    ],
    "test_acc": [
        0.8333333333333334,
        0.8777173913043478,
        0.8876811594202898,
        0.9039855072463768,
        0.8913043478260869,
        0.9039855072463768,
        0.9139492753623188,
        0.9166666666666666,
        0.9230072463768116,
        0.9184782608695652
    ]
}